{"cameraMode":{"drawMode":0,"name":"Shaded","section":"Shading Mode"},"sceneLighting":true,"audioPlay":false,"sceneViewState":{"m_AlwaysRefresh":false,"showFog":true,"showSkybox":true,"showFlares":true,"showImageEffects":true,"showParticleSystems":true,"showVisualEffectGraphs":true,"m_FxEnabled":true},"in2DMode":false,"pivot":{"x":24.92613983154297,"y":4.624265193939209,"z":3.8729193210601808},"rotation":{"x":-0.23062393069267274,"y":0.02626882679760456,"z":-0.006237765308469534,"w":-0.9726633429527283},"size":13.098288536071778,"orthographic":false}