{"cameraMode":{"drawMode":0,"name":"Shaded","section":"Shading Mode"},"sceneLighting":true,"audioPlay":false,"sceneViewState":{"m_AlwaysRefresh":false,"showFog":true,"showSkybox":true,"showFlares":true,"showImageEffects":true,"showParticleSystems":true,"showVisualEffectGraphs":true,"m_FxEnabled":true},"in2DMode":false,"pivot":{"x":21.780250549316408,"y":-0.5122438669204712,"z":17.735450744628908},"rotation":{"x":0.14949741959571839,"y":0.8212051391601563,"z":-0.2502647042274475,"w":0.49056559801101687},"size":3.214920997619629,"orthographic":false}